stride_bytes,accesses,time_sec,ns_per_access,throughput_MB_s
1,2147483648,0.651570,0.303,3143.18
2,1073741824,0.340348,0.317,3008.69
4,536870912,0.223969,0.417,2286.03
8,268435456,0.102810,0.383,2490.04
16,134217728,0.065472,0.488,1955.02
32,67108864,0.055839,0.832,1146.15
64,33554432,0.052232,1.557,612.66
128,16777216,0.073566,4.385,217.49
256,8388608,0.041878,4.992,191.03
